lagChange,lagGradientChangeAvg,lagGradientChangeLow,lagGradientChangeHigh
-33.33333333333333,-67.99816221109867,-69.32574645973158,-66.79572329301021
